{"mean":{"confidence_interval":{"confidence_level":0.95,"lower_bound":0.02692026394496525,"upper_bound":0.1014831517807345},"point_estimate":0.06071785289877596,"standard_error":0.019197267532218322},"median":{"confidence_interval":{"confidence_level":0.95,"lower_bound":0.011040369923172255,"upper_bound":0.09235863428237612},"point_estimate":0.04805357897399376,"standard_error":0.020051580682558228}}