{"mean":{"confidence_interval":{"confidence_level":0.95,"lower_bound":-0.7869026030445979,"upper_bound":-0.7716375648742926},"point_estimate":-0.7792093842547456,"standard_error":0.003901115249186944},"median":{"confidence_interval":{"confidence_level":0.95,"lower_bound":-0.7862813059377869,"upper_bound":-0.7695103197001272},"point_estimate":-0.7785852949208709,"standard_error":0.004373460980911968}}