{"mean":{"confidence_interval":{"confidence_level":0.95,"lower_bound":-0.05207136171279483,"upper_bound":0.04071759945350133},"point_estimate":-0.005796228786493107,"standard_error":0.0237417304736715},"median":{"confidence_interval":{"confidence_level":0.95,"lower_bound":-0.07798200748638062,"upper_bound":0.05999670690036396},"point_estimate":0.031488596560302895,"standard_error":0.0390580742177715}}