{"mean":{"confidence_interval":{"confidence_level":0.95,"lower_bound":-0.04962548117930601,"upper_bound":-0.01642857197194585},"point_estimate":-0.03313448930266105,"standard_error":0.00859656135144163},"median":{"confidence_interval":{"confidence_level":0.95,"lower_bound":-0.05985872222837674,"upper_bound":-0.006544019642796717},"point_estimate":-0.035055661611371525,"standard_error":0.01412461741635997}}