{"mean":{"confidence_interval":{"confidence_level":0.95,"lower_bound":-0.7825952350704665,"upper_bound":-0.7726061575169058},"point_estimate":-0.7771867843272102,"standard_error":0.0025595400120594384},"median":{"confidence_interval":{"confidence_level":0.95,"lower_bound":-0.7820820844580767,"upper_bound":-0.7692696713955511},"point_estimate":-0.7764365253613721,"standard_error":0.003395060960233565}}