{"mean":{"confidence_interval":{"confidence_level":0.95,"lower_bound":-0.054549204805098284,"upper_bound":0.011717063217105216},"point_estimate":-0.019759610648991344,"standard_error":0.01698763836146357},"median":{"confidence_interval":{"confidence_level":0.95,"lower_bound":-0.05712308482125106,"upper_bound":0.023985034957918483},"point_estimate":-0.004531266218738117,"standard_error":0.019349525489675782}}