{"mean":{"confidence_interval":{"confidence_level":0.95,"lower_bound":0.013495037719417166,"upper_bound":0.047444686780019764},"point_estimate":0.029888830153578017,"standard_error":0.008686543096332744},"median":{"confidence_interval":{"confidence_level":0.95,"lower_bound":0.0038064467591485407,"upper_bound":0.05656038823685572},"point_estimate":0.021972166618557942,"standard_error":0.013103141030704304}}