{"mean":{"confidence_interval":{"confidence_level":0.95,"lower_bound":-0.811789919252871,"upper_bound":-0.7954941061599307},"point_estimate":-0.8035783850148013,"standard_error":0.004171692417312679},"median":{"confidence_interval":{"confidence_level":0.95,"lower_bound":-0.8120066537112329,"upper_bound":-0.7903129501678149},"point_estimate":-0.8023704715178775,"standard_error":0.005386231787417778}}