{"mean":{"confidence_interval":{"confidence_level":0.95,"lower_bound":-0.14041926272324626,"upper_bound":-0.05387143330117273},"point_estimate":-0.09955972404486935,"standard_error":0.022028313965106707},"median":{"confidence_interval":{"confidence_level":0.95,"lower_bound":-0.16831099980346254,"upper_bound":-0.052040487595261364},"point_estimate":-0.11118332262240327,"standard_error":0.02946106240713439}}