{"mean":{"confidence_interval":{"confidence_level":0.95,"lower_bound":97842.18352745721,"upper_bound":99744.6665487021},"point_estimate":98782.82851472066,"standard_error":490.0774566403483},"median":{"confidence_interval":{"confidence_level":0.95,"lower_bound":97455.99181222708,"upper_bound":100032.83822780204},"point_estimate":98873.72412837042,"standard_error":737.6355609821601},"median_abs_dev":{"confidence_interval":{"confidence_level":0.95,"lower_bound":192.8842064009655,"upper_bound":2873.4177427366376},"point_estimate":1973.0915252690256,"standard_error":660.7913078462366},"slope":{"confidence_interval":{"confidence_level":0.95,"lower_bound":98154.1918547549,"upper_bound":99886.86955316068},"point_estimate":98896.4378721715,"standard_error":448.4010694712259},"std_dev":{"confidence_interval":{"confidence_level":0.95,"lower_bound":938.2098072144831,"upper_bound":2058.9566764428873},"point_estimate":1636.7714268345642,"standard_error":289.2559755344497}}