{"mean":{"confidence_interval":{"confidence_level":0.95,"lower_bound":-0.10333403528527282,"upper_bound":-0.06187336527229566},"point_estimate":-0.08375509733796582,"standard_error":0.010630587048277709},"median":{"confidence_interval":{"confidence_level":0.95,"lower_bound":-0.11931833180064477,"upper_bound":-0.056757293189564795},"point_estimate":-0.08651368682805527,"standard_error":0.015324827204073892}}